{"cameraMode":{"drawMode":0,"name":"Shaded","section":"Shading Mode"},"sceneLighting":false,"audioPlay":false,"sceneViewState":{"showFog":true,"showMaterialUpdate":true,"showSkybox":true,"showFlares":true,"showImageEffects":true,"showParticleSystems":true},"in2DMode":false,"pivot":{"x":0.0,"y":0.6066802144050598,"z":2.9802322387695315e-8},"rotation":{"x":0.1454012542963028,"y":0.23617947101593018,"z":-0.035760559141635898,"w":0.9601176381111145},"size":2.5943291187286379,"orthographic":true}