{"cameraMode":{"drawMode":0,"name":"Shaded","section":"Shading Mode"},"sceneLighting":false,"audioPlay":false,"sceneViewState":{"showFog":true,"showMaterialUpdate":true,"showSkybox":true,"showFlares":true,"showImageEffects":true,"showParticleSystems":true},"in2DMode":false,"pivot":{"x":14.473855018615723,"y":-17.23069953918457,"z":-20.12026596069336},"rotation":{"x":0.258047491312027,"y":-0.6446079611778259,"z":0.2459496706724167,"w":0.6763153076171875},"size":17.032575607299806,"orthographic":false}