{"cameraMode":{"drawMode":0,"name":"Shaded","section":"Shading Mode"},"sceneLighting":false,"audioPlay":false,"sceneViewState":{"showFog":true,"showMaterialUpdate":true,"showSkybox":true,"showFlares":true,"showImageEffects":true,"showParticleSystems":true},"in2DMode":false,"pivot":{"x":-0.004967108368873596,"y":3.1219635009765627,"z":-2.1255643367767336},"rotation":{"x":0.22504696249961854,"y":0.13367605209350587,"z":-0.031186923384666444,"w":0.9646323919296265},"size":0.3375224769115448,"orthographic":true}