{"cameraMode":{"drawMode":0,"name":"Shaded","section":"Shading Mode"},"sceneLighting":true,"audioPlay":false,"sceneViewState":{"showFog":true,"showMaterialUpdate":true,"showSkybox":true,"showFlares":true,"showImageEffects":true,"showParticleSystems":true},"in2DMode":false,"pivot":{"x":4.15858268737793,"y":-0.39541172981262209,"z":5.016145706176758},"rotation":{"x":0.4470757246017456,"y":0.006705377250909805,"z":-0.0033491896465420725,"w":0.8944877982139587},"size":7.5446553230285648,"orthographic":true}