{"cameraMode":{"drawMode":0,"name":"Shaded","section":"Shading Mode"},"sceneLighting":false,"audioPlay":false,"sceneViewState":{"showFog":true,"showMaterialUpdate":true,"showSkybox":true,"showFlares":true,"showImageEffects":true,"showParticleSystems":true},"in2DMode":false,"pivot":{"x":-3.4459924697875978,"y":-1.5949211120605469,"z":28.210098266601564},"rotation":{"x":0.19128692150115968,"y":-0.06472887098789215,"z":0.012643298134207726,"w":0.9793159365653992},"size":60.21879959106445,"orthographic":false}